variant,sample,entities,cpu_ms
baseline,1,5001,21.694800
baseline,2,5001,20.343000
baseline,3,5001,20.537600
baseline,4,5001,20.805900
baseline,5,5001,21.387000
baseline,6,5001,21.794000
baseline,7,5001,22.605300
baseline,8,5001,23.341800
baseline,9,5001,23.645300
baseline,10,5001,23.622100
baseline,11,5001,24.613900
baseline,12,5001,24.337400
baseline,13,5001,24.354700
baseline,14,5001,25.106200
baseline,15,5001,24.829900
baseline,16,5001,24.055500
baseline,17,5001,24.031000
baseline,18,5001,23.884100
baseline,19,5001,23.461000
baseline,20,5001,23.340400
